Cat,New Name
Cat21,01__Station04__Camera2__2012-7-22__1-53-20(0).JPG
Cat21,01__Station04__Camera2__2012-7-22__1-53-32(2).JPG
Cat23,01__Station04__Camera2__2012-9-17__19-42-18(9).JPG
Cat23,01__Station04__Camera2__2012-9-17__19-42-34(5).JPG
Cat21,01__Station05__Camera1__2012-6-14__5-38-10(2).JPG
Cat21,01__Station05__Camera1__2012-6-14__5-38-14(9).JPG
Cat21,01__Station05__Camera1__2012-6-14__5-38-22(1).JPG
Cat21,01__Station05__Camera1__2012-6-14__5-38-22(3).JPG
Cat21,01__Station05__Camera1__2012-6-14__5-38-24(4).JPG
Cat21,01__Station05__Camera1__2012-6-14__5-38-24(5).JPG
Cat21,01__Station05__Camera1__2012-6-14__5-38-26(8).JPG
Cat21,01__Station05__Camera1__2012-6-14__5-38-30(2).JPG
Cat21,01__Station05__Camera1__2012-6-14__5-38-34(6).JPG
Cat21,01__Station05__Camera1__2012-6-14__5-39-18(2).JPG
Cat21,01__Station05__Camera1__2012-6-14__5-39-18(3).JPG
Cat21,01__Station05__Camera1__2012-6-14__5-39-20(4).JPG
Cat21,01__Station05__Camera1__2012-6-14__5-39-20(5).JPG
Cat23,01__Station05__Camera1__2012-6-19__1-55-42(7).JPG
Cat23,01__Station05__Camera1__2012-6-19__1-55-46(1).JPG
Cat23,01__Station05__Camera1__2012-6-19__1-55-48(3).JPG
Cat23,01__Station05__Camera1__2012-6-19__1-55-48(4).JPG
Cat23,01__Station05__Camera1__2012-6-19__1-55-50(7).JPG
Cat23,01__Station05__Camera1__2012-6-19__1-55-50(8).JPG
Cat23,01__Station05__Camera1__2012-6-19__1-55-52(0).JPG
Cat23,01__Station05__Camera1__2012-6-19__1-55-52(9).JPG
Cat23,01__Station05__Camera1__2012-6-19__1-56-14(2).JPG
Cat23,01__Station05__Camera1__2012-6-19__1-56-34(1).JPG
Cat23,01__Station05__Camera1__2012-6-19__1-56-34(2).JPG
Cat23,01__Station05__Camera1__2012-6-19__1-56-36(3).JPG
Cat23,01__Station05__Camera1__2012-6-19__1-56-36(4).JPG
Cat23,01__Station05__Camera1__2012-6-19__1-56-36(5).JPG
Cat23,01__Station05__Camera1__2012-6-19__1-56-38(6).JPG
Cat23,01__Station05__Camera1__2012-6-19__1-56-38(7).JPG
Cat23,01__Station05__Camera1__2012-6-19__1-56-4(5).JPG
Cat23,01__Station05__Camera1__2012-6-19__1-56-56(1).JPG
Cat23,01__Station05__Camera1__2012-6-19__1-56-58(4).JPG
Cat23,01__Station05__Camera1__2012-6-19__1-56-58(6).JPG
Cat23,01__Station05__Camera1__2012-6-19__1-56-6(6).JPG
Cat23,01__Station05__Camera1__2012-6-19__1-56-6(7).JPG
Cat23,01__Station05__Camera1__2012-6-19__1-56-6(8).JPG
Cat23,01__Station05__Camera1__2012-6-19__1-56-8(0).JPG
Cat23,01__Station05__Camera1__2012-6-19__1-56-8(9).JPG
Cat23,01__Station05__Camera1__2012-6-19__1-57-0(7).JPG
Cat23,01__Station05__Camera1__2012-6-19__1-57-16(8).JPG
Cat23,01__Station05__Camera1__2012-6-19__1-57-16(9).JPG
Cat23,01__Station05__Camera1__2012-6-19__1-57-18(0).JPG
Cat23,01__Station05__Camera1__2012-6-19__1-57-18(1).JPG
Cat23,01__Station05__Camera1__2012-6-19__1-57-2(0).JPG
Cat23,01__Station05__Camera1__2012-6-19__1-57-20(2).JPG
Cat23,01__Station05__Camera1__2012-6-19__1-57-20(3).JPG
Cat23,01__Station05__Camera1__2012-6-19__1-57-20(4).JPG
Cat23,01__Station05__Camera1__2012-6-19__1-57-22(5).JPG
Cat23,01__Station05__Camera1__2012-6-19__1-57-22(6).JPG
Cat23,01__Station05__Camera1__2012-6-19__1-57-22(7).JPG
Cat23,01__Station05__Camera1__2012-6-19__1-57-24(9).JPG
Cat23,01__Station05__Camera1__2012-6-19__1-57-30(1).JPG
Cat23,01__Station05__Camera1__2012-6-19__1-57-30(2).JPG
Cat23,01__Station05__Camera1__2012-6-19__1-57-30(3).JPG
Cat23,01__Station05__Camera1__2012-6-19__1-57-6(3).JPG
Cat23,01__Station05__Camera1__2012-7-16__15-14-30(4).JPG
Cat23,01__Station05__Camera1__2012-7-16__15-14-32(5).JPG
Cat23,01__Station05__Camera1__2012-7-16__15-14-32(6).JPG
Cat23,01__Station05__Camera1__2012-7-16__15-14-32(7).JPG
Cat23,01__Station05__Camera1__2012-7-16__15-14-34(0).JPG
Cat23,01__Station05__Camera1__2012-7-16__15-14-34(8).JPG
Cat23,01__Station05__Camera1__2012-7-16__15-14-34(9).JPG
Cat23,01__Station05__Camera1__2012-7-16__15-14-48(1).JPG
Cat23,01__Station05__Camera1__2012-7-16__15-14-50(2).JPG
Cat23,01__Station05__Camera1__2012-7-16__15-14-50(3).JPG
Cat21,01__Station05__Camera1__2012-7-26__13-24-40(4).JPG
Cat21,01__Station05__Camera1__2012-7-26__13-24-42(7).JPG
Cat21,01__Station05__Camera1__2012-7-26__13-24-44(8).JPG
Cat21,01__Station05__Camera1__2012-7-26__13-25-18(9).JPG
Cat21,01__Station05__Camera1__2012-7-26__13-25-32(1).JPG
Cat21,01__Station05__Camera1__2012-7-26__13-25-4(4).JPG
Cat21,01__Station05__Camera1__2012-7-26__13-25-42(3).JPG
Cat21,01__Station05__Camera1__2012-7-26__13-25-44(6).JPG
Cat21,01__Station05__Camera1__2012-7-26__13-25-46(9).JPG
Cat21,01__Station05__Camera1__2012-7-26__13-25-52(7).JPG
Cat21,01__Station05__Camera1__2012-7-26__13-25-52(8).JPG
Cat21,01__Station05__Camera1__2012-7-26__13-25-6(5).JPG
Cat21,01__Station05__Camera1__2012-7-26__13-26-14(3).JPG
Cat21,01__Station05__Camera1__2012-7-26__13-26-2(6).JPG
Cat21,01__Station05__Camera1__2012-7-26__13-26-4(0).JPG
Cat21,01__Station05__Camera1__2012-7-26__13-26-4(9).JPG
Cat23,01__Station05__Camera1__2012-9-10__11-47-50(4).JPG
Cat23,01__Station05__Camera1__2012-9-10__11-47-52(6).JPG
Cat23,01__Station05__Camera1__2012-9-10__11-47-58(2).JPG
Cat23,01__Station05__Camera1__2012-9-10__11-48-14(2).JPG
Cat23,01__Station05__Camera1__2012-9-10__11-48-14(3).JPG
Cat23,01__Station05__Camera1__2012-9-10__11-48-14(4).JPG
Cat23,01__Station05__Camera1__2012-9-10__11-48-16(5).JPG
Cat23,01__Station05__Camera1__2012-9-10__11-48-16(6).JPG
Cat23,01__Station05__Camera1__2012-9-10__11-48-2(9).JPG
Cat23,01__Station05__Camera1__2012-9-10__11-48-22(1).JPG
Cat23,01__Station05__Camera1__2012-9-10__11-48-26(2).JPG
Cat23,01__Station05__Camera1__2012-9-10__11-48-28(3).JPG
Cat23,01__Station05__Camera1__2012-9-10__11-48-28(4).JPG
Cat21,01__Station14__Camera1__2012-8-30__16-8-12(6).JPG
Cat21,01__Station14__Camera1__2012-8-30__16-8-12(7).JPG
Cat21,01__Station14__Camera1__2012-8-30__16-8-12(8).JPG
Cat21,01__Station14__Camera1__2012-8-30__16-8-14(0).JPG
Cat21,01__Station14__Camera1__2012-8-30__16-8-14(1).JPG
Cat21,01__Station14__Camera1__2012-8-30__16-8-14(9).JPG
Cat21,01__Station14__Camera1__2012-8-30__16-8-16(2).JPG
Cat21,01__Station14__Camera1__2012-8-30__16-8-20(9).JPG
Cat21,01__Station14__Camera1__2012-8-30__16-8-28(1).JPG
Cat21,01__Station14__Camera1__2012-8-30__16-8-28(2).JPG
Cat21,01__Station14__Camera1__2012-8-30__16-8-28(3).JPG
Cat21,01__Station14__Camera1__2012-8-30__16-8-30(4).JPG
Cat21,01__Station14__Camera1__2012-8-30__16-8-46(5).JPG
Cat21,01__Station14__Camera1__2012-8-30__16-8-46(6).JPG
Cat21,01__Station14__Camera1__2012-8-30__16-8-46(7).JPG
Cat1,02__Station04__Camera1__2012-7-5__12-17-34(1).JPG
Cat1,02__Station04__Camera1__2012-7-5__12-17-34(2).JPG
Cat1,02__Station04__Camera1__2012-7-5__12-17-36(3).JPG
Cat1,02__Station04__Camera1__2012-7-5__12-17-36(4).JPG
Cat1,02__Station04__Camera1__2012-7-5__12-17-38(5).JPG
Cat1,02__Station04__Camera1__2012-7-5__12-17-40(8).JPG
Cat1,02__Station04__Camera1__2012-7-5__12-17-40(9).JPG
Cat1,02__Station04__Camera1__2012-7-5__12-17-42(0).JPG
Cat1,02__Station04__Camera1__2012-7-5__12-17-46(1).JPG
Cat1,02__Station04__Camera1__2012-7-5__12-17-46(2).JPG
Cat1,02__Station04__Camera1__2012-7-5__12-17-46(3).JPG
Cat1,02__Station04__Camera1__2012-7-5__17-10-16(2).JPG
Cat1,02__Station04__Camera1__2012-7-5__17-10-16(3).JPG
Cat1,02__Station04__Camera1__2012-7-5__17-10-20(7).JPG
Cat1,02__Station04__Camera1__2012-7-5__17-10-20(8).JPG
Cat1,02__Station04__Camera1__2012-7-5__17-10-30(1).JPG
Cat2,02__Station06__Camera1__2012-7-10__3-22-12(6).JPG
Cat2,02__Station06__Camera1__2012-7-10__3-22-12(9).JPG
Cat2,02__Station06__Camera1__2012-7-10__3-22-16(2).JPG
Cat2,02__Station06__Camera1__2012-7-10__3-22-26(4).JPG
Cat2,02__Station06__Camera1__2012-7-10__3-22-32(1).JPG
Cat2,02__Station06__Camera1__2012-7-10__3-22-34(2).JPG
Cat2,02__Station06__Camera1__2012-7-10__3-22-34(3).JPG
Cat2,02__Station06__Camera1__2012-7-10__3-22-34(4).JPG
Cat2,02__Station06__Camera1__2012-7-10__3-22-36(5).JPG
Cat2,02__Station06__Camera1__2012-7-10__3-22-36(6).JPG
Cat2,02__Station06__Camera1__2012-7-10__3-22-46(0).JPG
Cat2,02__Station06__Camera1__2012-7-10__3-22-50(6).JPG
Cat2,02__Station06__Camera1__2012-7-10__3-22-50(7).JPG
Cat2,02__Station06__Camera1__2012-7-10__3-22-54(2).JPG
Cat2,02__Station06__Camera1__2012-7-10__3-22-58(9).JPG
Cat2,02__Station06__Camera1__2012-7-10__3-22-8(2).JPG
Cat2,02__Station06__Camera1__2012-7-10__3-23-10(0).JPG
Cat2,02__Station06__Camera1__2012-7-10__3-23-12(1).JPG
Cat2,02__Station06__Camera1__2012-7-10__3-23-12(2).JPG
Cat2,02__Station06__Camera1__2012-7-10__3-23-14(3).JPG
Cat2,02__Station06__Camera1__2012-7-10__3-23-14(4).JPG
Cat2,02__Station06__Camera1__2012-7-10__3-23-16(6).JPG
Cat2,02__Station06__Camera1__2012-7-10__3-23-16(8).JPG
Cat2,02__Station06__Camera1__2012-7-10__3-23-16(9).JPG
Cat2,02__Station06__Camera1__2012-7-10__3-23-18(0).JPG
Cat2,02__Station06__Camera1__2012-7-10__3-23-18(1).JPG
Cat2,02__Station06__Camera1__2012-7-10__3-23-20(2).JPG
Cat2,02__Station06__Camera1__2012-7-10__3-23-20(3).JPG
Cat2,02__Station06__Camera1__2012-7-10__3-23-20(4).JPG
Cat2,02__Station06__Camera1__2012-8-18__8-30-10(7).JPG
Cat2,02__Station06__Camera1__2012-8-18__8-30-22(2).JPG
Cat2,02__Station06__Camera1__2012-8-18__8-30-32(3).JPG
Cat2,02__Station06__Camera1__2012-8-18__8-30-44(7).JPG
Cat2,02__Station06__Camera1__2012-8-18__8-30-8(3).JPG
Cat2,02__Station06__Camera1__2012-8-18__8-30-8(4).JPG
Cat3,02__Station07__Camera1__2012-8-24__1-52-36(1).JPG
Cat3,02__Station07__Camera1__2012-8-24__1-52-36(2).JPG
Cat3,02__Station07__Camera1__2012-8-24__1-52-38(3).JPG
Cat3,02__Station09__Camera2__2012-9-16__18-51-12(3).JPG
Cat3,02__Station09__Camera2__2012-9-16__18-51-14(5).JPG
Cat3,02__Station09__Camera2__2012-9-16__18-51-14(6).JPG
Cat3,02__Station09__Camera2__2012-9-16__18-51-16(7).JPG
Cat3,02__Station09__Camera2__2012-9-16__18-51-18(8).JPG
Cat3,02__Station09__Camera2__2012-9-16__18-51-18(9).JPG
Cat3,02__Station09__Camera2__2012-9-16__18-51-22(2).JPG
Cat11\Cat12,02__Station10__Camera1__2012-9-9__4-54-34(7).JPG
Cat11\Cat12,02__Station10__Camera1__2012-9-9__4-54-34(8).JPG
Cat11\Cat12,02__Station10__Camera1__2012-9-9__4-54-56(1).JPG
Cat11\Cat12,02__Station10__Camera1__2012-9-9__4-54-56(2).JPG
Cat11\Cat12,02__Station10__Camera1__2012-9-9__4-55-40(3).JPG
Cat11\Cat12,02__Station10__Camera1__2012-9-9__4-55-40(4).JPG
Cat11\Cat12,02__Station10__Camera1__2012-9-9__4-55-42(5).JPG
Cat11\Cat12,02__Station10__Camera1__2012-9-9__4-56-40(6).JPG
Cat11\Cat12,02__Station10__Camera1__2012-9-9__4-56-42(7).JPG
Cat11\Cat12,02__Station10__Camera1__2012-9-9__4-56-42(8).JPG
Cat11\Cat12,02__Station12__Camera2__2012-5-30__0-40-34(4).JPG
Cat11\Cat12,02__Station12__Camera2__2012-5-4__22-21-48(8).JPG
Cat11\Cat12,02__Station12__Camera2__2012-5-4__22-21-52(2).JPG
Cat11\Cat12,02__Station12__Camera2__2012-5-4__22-22-16(7).JPG
Cat11\Cat12,02__Station12__Camera2__2012-5-4__22-22-18(8).JPG
Cat11\Cat12,02__Station12__Camera2__2012-5-4__22-22-18(9).JPG
Cat11\Cat12,02__Station12__Camera2__2012-5-4__22-22-2(2).JPG
Cat11\Cat12,02__Station12__Camera2__2012-5-4__22-22-20(0).JPG
Cat11\Cat12,02__Station12__Camera2__2012-5-4__22-22-36(6).JPG
Cat11\Cat12,02__Station12__Camera2__2012-5-4__22-22-36(7).JPG
Cat11\Cat12,02__Station12__Camera2__2012-5-4__22-22-36(8).JPG
Cat11\Cat12,02__Station12__Camera2__2012-5-4__22-22-38(9).JPG
Cat11\Cat12,02__Station12__Camera2__2012-5-4__22-22-54(4).JPG
Cat11\Cat12,02__Station12__Camera2__2012-5-4__22-23-6(6).JPG
Cat11\Cat12,02__Station12__Camera2__2012-5-4__22-23-6(7).JPG
Cat1,02__Station12__Camera2__2012-6-14__11-53-34(4).JPG
Cat1,02__Station12__Camera2__2012-6-14__11-53-34(5).JPG
Cat1,02__Station12__Camera2__2012-6-14__11-53-36(6).JPG
Cat1,02__Station12__Camera2__2012-6-14__11-53-36(7).JPG
Cat1,02__Station12__Camera2__2012-6-14__11-53-38(9).JPG
Cat1,02__Station12__Camera2__2012-6-14__11-53-46(7).JPG
Cat1,02__Station12__Camera2__2012-6-14__11-53-48(8).JPG
Cat1,02__Station12__Camera2__2012-6-14__11-53-48(9).JPG
Cat1,02__Station12__Camera2__2012-6-14__11-53-50(0).JPG
Cat1,02__Station12__Camera2__2012-6-14__11-53-50(1).JPG
Cat1,02__Station12__Camera2__2012-6-14__11-53-58(9).JPG
Cat1,02__Station12__Camera2__2012-6-14__11-54-0(0).JPG
Cat1,02__Station12__Camera2__2012-6-14__11-54-0(1).JPG
Cat1,02__Station12__Camera2__2012-6-14__11-54-2(2).JPG
Cat1,02__Station12__Camera2__2012-6-14__11-54-2(3).JPG
Cat4,02__Station13__Camera1__2012-7-18__6-46-56(2).JPG
Cat4,02__Station13__Camera1__2012-7-18__6-46-58(4).JPG
Cat4,02__Station13__Camera1__2012-7-18__6-47-0(7).JPG
Cat4,02__Station13__Camera1__2012-7-18__6-47-2(0).JPG
Cat4,02__Station13__Camera1__2012-7-18__6-47-20(5).JPG
Cat4,02__Station13__Camera1__2012-7-18__6-47-26(5).JPG
Cat4,02__Station13__Camera1__2012-7-18__6-47-28(6).JPG
Cat4,02__Station13__Camera1__2012-7-18__6-47-28(7).JPG
Cat4,02__Station13__Camera1__2012-7-18__6-47-36(8).JPG
Cat4,02__Station13__Camera1__2012-7-18__6-47-4(2).JPG
Cat4,02__Station13__Camera1__2012-7-18__6-47-40(2).JPG
Cat4,02__Station13__Camera1__2012-7-18__6-47-40(3).JPG
Cat4,02__Station13__Camera1__2012-7-18__6-47-40(4).JPG
Cat4,02__Station13__Camera1__2012-7-18__6-47-42(5).JPG
Cat4,02__Station13__Camera1__2012-7-18__6-47-42(6).JPG
Cat4,02__Station13__Camera1__2012-7-18__6-47-42(7).JPG
Cat4,02__Station13__Camera1__2012-7-18__6-47-44(0).JPG
Cat4,02__Station13__Camera1__2012-7-18__6-47-44(9).JPG
Cat4,02__Station13__Camera1__2012-7-18__6-47-46(2).JPG
Cat4,02__Station13__Camera1__2012-7-18__6-47-6(4).JPG
Cat4,02__Station13__Camera1__2012-7-18__6-47-6(5).JPG
Cat4,02__Station13__Camera1__2012-7-18__6-47-6(6).JPG
Cat4,02__Station13__Camera1__2012-8-1__18-13-10(1).JPG
Cat4,02__Station13__Camera1__2012-8-1__18-13-10(2).JPG
Cat1,02__Station13__Camera1__2012-8-16__23-48-34(1).JPG
Cat1,02__Station13__Camera1__2012-8-16__23-48-36(3).JPG
Cat1,02__Station13__Camera1__2012-8-16__23-48-36(4).JPG
Cat1,02__Station13__Camera1__2012-8-16__23-48-36(5).JPG
Cat1,02__Station13__Camera1__2012-8-16__23-48-38(6).JPG
Cat1,02__Station13__Camera1__2012-8-16__23-48-38(7).JPG
Cat1,02__Station13__Camera1__2012-8-16__23-48-38(8).JPG
Cat1,02__Station13__Camera1__2012-8-16__23-48-40(0).JPG
Cat1,02__Station13__Camera1__2012-8-16__23-48-40(9).JPG
Cat1,02__Station13__Camera1__2012-8-16__23-48-50(1).JPG
Cat1,02__Station13__Camera1__2012-8-16__23-48-50(2).JPG
Cat1,02__Station13__Camera1__2012-8-16__23-48-52(3).JPG
Cat1,02__Station13__Camera1__2012-8-16__23-48-52(4).JPG
Cat1,02__Station13__Camera1__2012-8-16__23-48-54(6).JPG
Cat1,02__Station13__Camera1__2012-8-16__23-48-54(7).JPG
Cat3,02__Station13__Camera1__2012-8-22__20-24-26(1).JPG
Cat3,02__Station13__Camera1__2012-8-22__20-24-26(2).JPG
Cat3,02__Station13__Camera1__2012-8-22__20-24-28(3).JPG
Cat3,02__Station13__Camera1__2012-8-22__20-24-28(4).JPG
Cat3,02__Station13__Camera1__2012-8-22__20-24-28(5).JPG
Cat3,02__Station13__Camera1__2012-8-22__20-24-28(6).JPG
Cat3,02__Station13__Camera1__2012-8-22__20-24-30(7).JPG
Cat3,02__Station13__Camera1__2012-8-22__20-24-34(1).JPG
Cat3,02__Station13__Camera1__2012-8-22__20-24-34(2).JPG
Cat3,02__Station13__Camera1__2012-8-22__20-24-36(3).JPG
Cat3,02__Station13__Camera1__2012-8-22__20-24-42(2).JPG
Cat3,02__Station13__Camera1__2012-8-22__20-24-48(9).JPG
Cat3,02__Station13__Camera1__2012-8-22__20-24-58(1).JPG
Cat3,02__Station13__Camera1__2012-8-22__20-25-2(8).JPG
Cat3,02__Station13__Camera1__2012-8-22__20-25-20(3).JPG
Cat3,02__Station13__Camera1__2012-8-22__20-25-22(7).JPG
Cat3,02__Station13__Camera1__2012-8-22__20-26-0(7).JPG
Cat3,02__Station13__Camera1__2012-8-22__20-26-0(9).JPG
Cat3,02__Station13__Camera1__2012-8-22__20-26-10(0).JPG
Cat3,02__Station13__Camera1__2012-8-22__20-26-10(1).JPG
Cat3,02__Station13__Camera1__2012-8-22__20-26-10(2).JPG
Cat3,02__Station13__Camera1__2012-8-22__20-26-12(3).JPG
Cat3,02__Station13__Camera1__2012-8-22__20-26-12(5).JPG
Cat3,02__Station13__Camera1__2012-8-22__20-26-14(6).JPG
Cat3,02__Station13__Camera1__2012-8-22__20-26-14(7).JPG
Cat3,02__Station13__Camera1__2012-8-22__20-26-14(8).JPG
Cat3,02__Station13__Camera1__2012-8-22__20-26-14(9).JPG
Cat3,02__Station13__Camera1__2012-8-22__20-26-16(0).JPG
Cat3,02__Station13__Camera1__2012-8-22__20-26-2(0).JPG
Cat3,02__Station13__Camera1__2012-8-22__20-26-4(1).JPG
Cat3,02__Station13__Camera1__2012-8-22__20-26-4(2).JPG
Cat3,02__Station13__Camera1__2012-8-22__20-26-4(3).JPG
Cat3,02__Station13__Camera1__2012-8-22__20-26-6(4).JPG
Cat3,02__Station13__Camera1__2012-8-22__20-26-8(8).JPG
Cat11\Cat12,02__Station13__Camera1__2012-8-6__12-16-20(2).JPG
Cat11\Cat12,02__Station13__Camera1__2012-8-6__12-16-22(3).JPG
Cat11\Cat12,02__Station13__Camera1__2012-8-6__12-16-22(4).JPG
Cat11\Cat12,02__Station13__Camera1__2012-8-6__12-16-32(9).JPG
Cat11\Cat12,02__Station13__Camera1__2012-8-6__12-16-34(0).JPG
Cat11\Cat12,02__Station13__Camera1__2012-8-6__12-16-42(5).JPG
Cat11\Cat12,02__Station13__Camera1__2012-8-6__12-17-18(1).JPG
Cat11\Cat12,02__Station13__Camera1__2012-8-6__12-17-20(2).JPG
Cat11\Cat12,02__Station13__Camera1__2012-8-6__12-17-22(3).JPG
Cat11\Cat12,02__Station13__Camera1__2012-8-6__12-17-22(4).JPG
Cat11\Cat12,02__Station13__Camera1__2012-8-6__12-17-24(5).JPG
Cat11\Cat12,02__Station13__Camera1__2012-8-6__12-17-26(6).JPG
Cat11\Cat12,02__Station13__Camera1__2012-8-6__12-17-26(7).JPG
Cat11\Cat12,02__Station13__Camera1__2012-8-6__12-17-40(2).JPG
Cat11\Cat12,02__Station13__Camera1__2012-8-6__12-17-42(4).JPG
Cat11\Cat12,02__Station13__Camera1__2012-8-6__12-17-44(5).JPG
Cat11\Cat12,02__Station13__Camera1__2012-8-6__12-17-46(8).JPG
Cat11\Cat12,02__Station13__Camera1__2012-8-6__12-17-56(3).JPG
Cat11\Cat12,02__Station13__Camera1__2012-8-6__12-17-56(5).JPG
Cat11\Cat12,02__Station13__Camera1__2012-8-6__12-17-6(2).JPG
Cat11\Cat12,02__Station13__Camera1__2012-8-6__12-18-10(1).JPG
Cat11\Cat12,02__Station13__Camera1__2012-8-6__12-18-10(3).JPG
Cat11\Cat12,02__Station13__Camera1__2012-8-6__12-18-12(5).JPG
Cat11\Cat12,02__Station13__Camera1__2012-8-6__12-18-12(6).JPG
Cat1,02__Station13__Camera1__2012-9-13__2-21-22(2).JPG
Cat1,02__Station13__Camera1__2012-9-13__2-21-22(3).JPG
Cat1,02__Station13__Camera1__2012-9-13__2-21-26(8).JPG
Cat1,02__Station13__Camera1__2012-9-13__2-21-26(9).JPG
Cat1,02__Station13__Camera1__2012-9-13__2-21-30(4).JPG
Cat1,02__Station13__Camera1__2012-9-13__2-21-32(8).JPG
Cat1,02__Station13__Camera1__2012-9-13__2-21-32(9).JPG
Cat1,02__Station13__Camera1__2012-9-13__2-21-34(0).JPG
Cat1,02__Station13__Camera1__2012-9-13__2-21-34(1).JPG
Cat1,02__Station13__Camera1__2012-9-13__2-21-36(2).JPG
Cat1,02__Station13__Camera1__2012-9-13__2-21-36(3).JPG
Cat1,02__Station13__Camera1__2012-9-13__2-21-38(7).JPG
Cat1,02__Station13__Camera1__2012-9-13__2-21-40(9).JPG
Cat1,02__Station13__Camera1__2012-9-13__2-21-50(1).JPG
Cat1,02__Station13__Camera1__2012-9-13__2-21-50(2).JPG
Cat1,02__Station13__Camera1__2012-9-13__2-21-52(3).JPG
Cat1,02__Station13__Camera1__2012-9-13__2-21-52(4).JPG
Cat1,02__Station13__Camera1__2012-9-13__2-21-52(5).JPG
Cat1,02__Station14__Camera1__2012-7-24__21-55-20(3).JPG
Cat1,02__Station14__Camera1__2012-7-24__21-55-22(4).JPG
Cat1,02__Station14__Camera1__2012-7-24__21-55-22(6).JPG
Cat1,02__Station14__Camera1__2012-7-24__21-55-24(9).JPG
Cat1,02__Station14__Camera1__2012-7-24__21-55-26(0).JPG
Cat1,02__Station14__Camera1__2012-7-24__21-55-30(1).JPG
Cat1,02__Station14__Camera1__2012-7-24__21-55-30(2).JPG
Cat1,02__Station14__Camera1__2012-7-24__21-55-30(3).JPG
Cat1,02__Station14__Camera1__2012-7-24__21-55-32(4).JPG
Cat1,02__Station14__Camera1__2012-7-24__21-55-32(5).JPG
Cat1,02__Station14__Camera1__2012-7-24__21-55-34(0).JPG
Cat1,02__Station14__Camera1__2012-7-24__21-55-34(9).JPG
Cat1,02__Station14__Camera1__2012-7-24__21-55-42(0).JPG
Cat1,02__Station14__Camera1__2012-7-24__21-55-42(9).JPG
Cat1,02__Station14__Camera1__2012-7-24__21-55-44(1).JPG
Cat1,02__Station14__Camera1__2012-7-24__21-55-44(2).JPG
Cat1,02__Station14__Camera1__2012-8-8__18-14-28(4).JPG
Cat1,02__Station14__Camera1__2012-8-8__18-14-32(0).JPG
Cat1,02__Station14__Camera1__2012-8-8__18-14-32(8).JPG
Cat1,02__Station14__Camera1__2012-8-8__18-14-40(4).JPG
Cat1,02__Station14__Camera1__2012-8-8__18-14-42(6).JPG
Cat1,02__Station14__Camera1__2012-8-8__18-14-42(7).JPG
Cat1,02__Station14__Camera1__2012-8-8__18-14-42(8).JPG
Cat1,02__Station14__Camera1__2012-8-8__18-14-44(0).JPG
Cat1,02__Station14__Camera1__2012-8-8__18-14-44(9).JPG
Cat1,02__Station16__Camera1__2012-7-26__7-13-0(3).JPG
Cat1,02__Station16__Camera1__2012-7-26__7-13-16(9).JPG
Cat1,02__Station16__Camera1__2012-7-26__7-13-2(5).JPG
Cat1,02__Station16__Camera1__2012-7-26__7-13-2(6).JPG
Cat1,02__Station16__Camera1__2012-7-26__7-13-4(0).JPG
Cat11\Cat12,02__Station18__Camera1__2012-7-29__4-49-34(1).JPG
Cat11\Cat12,02__Station18__Camera1__2012-7-29__4-49-34(2).JPG
Cat11\Cat12,02__Station18__Camera1__2012-7-29__4-49-36(3).JPG
Cat11\Cat12,02__Station18__Camera1__2012-7-29__4-49-36(4).JPG
Cat11\Cat12,02__Station18__Camera1__2012-7-29__4-49-36(5).JPG
Cat11\Cat12,02__Station18__Camera1__2012-7-29__4-49-38(6).JPG
Cat11\Cat12,02__Station18__Camera1__2012-7-29__4-49-38(7).JPG
Cat11\Cat12,02__Station18__Camera1__2012-7-29__4-49-38(8).JPG
Cat11\Cat12,02__Station18__Camera1__2012-7-29__4-49-46(0).JPG
Cat11\Cat12,02__Station18__Camera1__2012-7-29__4-49-54(1).JPG
Cat11\Cat12,02__Station18__Camera1__2012-7-29__4-49-56(2).JPG
Cat11\Cat12,02__Station18__Camera1__2012-7-29__4-49-56(3).JPG
Cat11\Cat12,02__Station18__Camera1__2012-7-29__4-49-58(6).JPG
Cat11\Cat12,02__Station18__Camera1__2012-7-29__4-50-32(0).JPG
Cat1,02__Station18__Camera1__2012-8-4__16-23-10(6).JPG
Cat1,02__Station18__Camera1__2012-8-4__16-23-10(7).JPG
Cat1,02__Station18__Camera1__2012-8-4__16-23-12(0).JPG
Cat1,02__Station18__Camera1__2012-8-4__16-23-12(8).JPG
Cat1,02__Station18__Camera1__2012-8-4__16-23-12(9).JPG
Cat1,02__Station18__Camera1__2012-8-4__16-23-16(3).JPG
Cat1,02__Station18__Camera1__2012-8-4__16-23-16(4).JPG
Cat1,02__Station18__Camera1__2012-8-4__16-23-22(2).JPG
Cat1,02__Station18__Camera1__2012-8-4__16-23-28(0).JPG
Cat1,02__Station18__Camera1__2012-8-4__16-23-34(3).JPG
Cat1,02__Station18__Camera1__2012-8-4__16-23-40(3).JPG
Cat1,02__Station18__Camera1__2012-8-4__16-23-42(4).JPG
Cat1,02__Station18__Camera1__2012-8-4__16-23-42(5).JPG
Cat1,02__Station18__Camera1__2012-8-4__16-23-42(6).JPG
Cat1,02__Station18__Camera1__2012-8-4__16-23-44(0).JPG
Cat1,02__Station18__Camera1__2012-8-4__16-23-44(7).JPG
Cat1,02__Station18__Camera1__2012-8-4__16-23-46(1).JPG
Cat1,02__Station18__Camera1__2012-8-4__16-23-48(2).JPG
Cat1,02__Station18__Camera1__2012-8-4__16-23-50(5).JPG
Cat1,02__Station18__Camera1__2012-8-4__16-23-6(1).JPG
Cat1,02__Station18__Camera1__2012-8-4__16-23-8(2).JPG
Cat1,02__Station18__Camera1__2012-8-4__16-23-8(3).JPG
Cat1,02__Station18__Camera1__2012-8-4__16-23-8(4).JPG
Cat12,02__Station19__Camera2__2012-6-18__7-17-24(5).JPG
Cat11,02__Station19__Camera2__2012-6-19__4-30-2(3).JPG
Cat11,02__Station19__Camera2__2012-6-21__1-34-44(5).JPG
Cat11,02__Station19__Camera2__2012-6-21__1-34-50(1).JPG
Cat11,02__Station19__Camera2__2012-6-21__1-34-52(3).JPG
Cat11,02__Station19__Camera2__2012-6-21__1-34-54(4).JPG
Cat1,02__Station22__Camera1__2012-5-13__6-14-18(8).JPG
Cat1,02__Station22__Camera1__2012-5-13__6-14-32(3).JPG
Cat1,02__Station22__Camera1__2012-5-13__6-14-4(5).JPG
Cat1,02__Station22__Camera1__2012-5-13__6-14-46(6).JPG
Cat11\Cat12,02__Station22__Camera1__2012-5-4__2-4-16(7).JPG
Cat11\Cat12,02__Station22__Camera1__2012-5-4__2-4-30(0).JPG
Cat11\Cat12,02__Station22__Camera1__2012-5-4__2-4-48(9).JPG
Cat11\Cat12,02__Station22__Camera1__2012-5-4__2-5-2(2).JPG
Cat11\Cat12,02__Station22__Camera1__2012-5-4__2-6-22(2).JPG
Cat11\Cat12,02__Station22__Camera1__2012-5-4__2-6-50(0).JPG
Cat11\Cat12,02__Station22__Camera1__2012-5-9__4-2-28(9).JPG
Cat11\Cat12,02__Station22__Camera1__2012-5-9__4-3-2(3).JPG
Cat11\Cat12,02__Station22__Camera1__2012-5-9__4-3-58(8).JPG
Cat11\Cat12,02__Station22__Camera1__2012-5-9__4-4-24(5).JPG
Cat11\Cat12,02__Station22__Camera1__2012-5-9__4-4-40(0).JPG
Cat1,02__Station22__Camera1__2012-6-25__2-40-22(3).JPG
Cat1,02__Station22__Camera1__2012-6-25__2-40-36(6).JPG
Cat5,02__Station23__Camera1__2012-9-9__21-28-48(8).JPG
Cat5,02__Station24__Camera1__2012-8-14__4-19-42(1).JPG
Cat5,02__Station24__Camera1__2012-8-14__4-19-42(2).JPG
Cat5,02__Station24__Camera1__2012-8-14__4-19-44(3).JPG
Cat5,02__Station24__Camera1__2012-8-14__4-19-44(4).JPG
Cat5,02__Station24__Camera1__2012-8-14__4-19-44(5).JPG
Cat5,02__Station24__Camera1__2012-8-14__4-19-46(6).JPG
Cat5,02__Station24__Camera1__2012-8-14__4-19-46(7).JPG
Cat13,02__Station24__Camera1__2012-8-27__16-0-44(4).JPG
Cat13,02__Station24__Camera1__2012-8-28__1-55-52(6).JPG
Cat13,02__Station24__Camera1__2012-8-28__1-55-54(8).JPG
Cat13,02__Station24__Camera1__2012-8-28__1-55-54(9).JPG
Cat13\Cat14\Cat15,02__Station24__Camera1__2012-9-14__16-56-48(8).JPG
Cat13\Cat14\Cat15,02__Station24__Camera1__2012-9-14__16-56-56(6).JPG
Cat13\Cat14\Cat15,02__Station24__Camera1__2012-9-14__16-56-58(8).JPG
Cat13\Cat14\Cat15,02__Station24__Camera1__2012-9-14__16-56-58(9).JPG
Cat13\Cat14\Cat15,02__Station24__Camera1__2012-9-14__16-57-0(1).JPG
Cat13\Cat14\Cat15,02__Station24__Camera1__2012-9-14__16-57-2(3).JPG
Cat13\Cat14\Cat15,02__Station24__Camera1__2012-9-14__16-57-2(4).JPG
Cat13\Cat14\Cat15,02__Station24__Camera1__2012-9-14__16-57-2(5).JPG
Cat13\Cat14\Cat15,02__Station24__Camera1__2012-9-14__16-57-22(1).JPG
Cat13\Cat14\Cat15,02__Station24__Camera1__2012-9-14__16-57-24(2).JPG
Cat13\Cat14\Cat15,02__Station24__Camera1__2012-9-14__16-57-24(3).JPG
Cat13\Cat14\Cat15,02__Station24__Camera1__2012-9-14__16-57-24(4).JPG
Cat13\Cat14\Cat15,02__Station24__Camera1__2012-9-14__16-57-32(1).JPG
Cat13\Cat14\Cat15,02__Station24__Camera1__2012-9-14__16-57-36(9).JPG
Cat13\Cat14\Cat15,02__Station24__Camera1__2012-9-14__16-57-38(0).JPG
Cat13\Cat14\Cat15,02__Station24__Camera1__2012-9-14__16-57-38(1).JPG
Cat13\Cat14\Cat15,02__Station24__Camera1__2012-9-14__16-57-4(6).JPG
Cat13\Cat14\Cat15,02__Station24__Camera1__2012-9-14__16-57-4(7).JPG
Cat13\Cat14\Cat15,02__Station24__Camera1__2012-9-14__16-57-4(8).JPG
Cat13\Cat14\Cat15,02__Station24__Camera1__2012-9-14__16-57-40(2).JPG
Cat13\Cat14\Cat15,02__Station24__Camera1__2012-9-14__16-57-44(9).JPG
Cat13\Cat14\Cat15,02__Station24__Camera1__2012-9-14__16-57-48(1).JPG
Cat13\Cat14\Cat15,02__Station24__Camera1__2012-9-14__16-57-50(2).JPG
Cat13\Cat14\Cat15,02__Station24__Camera1__2012-9-14__16-57-50(3).JPG
Cat13\Cat14\Cat15,02__Station24__Camera1__2012-9-14__16-57-50(4).JPG
Cat13\Cat14\Cat15,02__Station24__Camera1__2012-9-14__16-57-52(5).JPG
Cat13\Cat14\Cat15,02__Station24__Camera1__2012-9-14__16-57-52(6).JPG
Cat13\Cat14\Cat15,02__Station24__Camera1__2012-9-14__16-57-52(7).JPG
Cat13\Cat14\Cat15,02__Station24__Camera1__2012-9-14__16-57-54(0).JPG
Cat13\Cat14\Cat15,02__Station24__Camera1__2012-9-14__16-57-54(8).JPG
Cat13\Cat14\Cat15,02__Station24__Camera1__2012-9-14__16-57-54(9).JPG
Cat13\Cat14\Cat15,02__Station24__Camera1__2012-9-14__16-57-56(1).JPG
Cat13\Cat14\Cat15,02__Station24__Camera1__2012-9-14__16-57-56(2).JPG
Cat13\Cat14\Cat15,02__Station24__Camera1__2012-9-14__16-57-58(3).JPG
Cat13\Cat14\Cat15,02__Station24__Camera1__2012-9-14__16-57-58(4).JPG
Cat13\Cat14\Cat15,02__Station24__Camera1__2012-9-14__16-57-58(5).JPG
Cat13\Cat14\Cat15,02__Station24__Camera1__2012-9-14__16-57-6(0).JPG
Cat13\Cat14\Cat15,02__Station24__Camera1__2012-9-14__16-58-0(6).JPG
Cat13\Cat14\Cat15,02__Station24__Camera1__2012-9-14__16-58-0(7).JPG
Cat13\Cat14\Cat15,02__Station24__Camera1__2012-9-14__16-58-0(8).JPG
Cat13\Cat14\Cat15,02__Station24__Camera1__2012-9-14__16-58-10(1).JPG
Cat13\Cat14\Cat15,02__Station24__Camera1__2012-9-14__16-58-10(2).JPG
Cat13\Cat14\Cat15,02__Station24__Camera1__2012-9-14__16-58-12(3).JPG
Cat13\Cat14\Cat15,02__Station24__Camera1__2012-9-14__16-58-12(4).JPG
Cat13\Cat14\Cat15,02__Station24__Camera1__2012-9-14__16-58-14(7).JPG
Cat13\Cat14\Cat15,02__Station24__Camera1__2012-9-14__16-58-26(4).JPG
Cat13\Cat14\Cat15,02__Station24__Camera1__2012-9-14__16-58-26(5).JPG
Cat13\Cat14\Cat15,02__Station24__Camera1__2012-9-14__16-58-28(8).JPG
Cat13\Cat14\Cat15,02__Station24__Camera1__2012-9-14__16-58-32(2).JPG
Cat13\Cat14\Cat15,02__Station24__Camera1__2012-9-14__16-58-32(3).JPG
Cat13\Cat14\Cat15,02__Station24__Camera1__2012-9-14__16-58-32(4).JPG
Cat13\Cat14\Cat15,02__Station24__Camera1__2012-9-14__16-58-32(5).JPG
Cat13\Cat14\Cat15,02__Station24__Camera1__2012-9-14__16-58-34(6).JPG
Cat13\Cat14\Cat15,02__Station24__Camera1__2012-9-14__16-58-34(7).JPG
Cat13\Cat14\Cat15,02__Station24__Camera1__2012-9-14__16-58-34(8).JPG
Cat13\Cat14\Cat15,02__Station24__Camera1__2012-9-14__16-58-36(0).JPG
Cat13\Cat14\Cat15,02__Station24__Camera1__2012-9-14__16-58-36(9).JPG
Cat13\Cat14\Cat15,02__Station24__Camera1__2012-9-14__16-58-38(1).JPG
Cat13\Cat14\Cat15,02__Station24__Camera1__2012-9-14__16-58-4(3).JPG
Cat13\Cat14\Cat15,02__Station24__Camera1__2012-9-14__16-58-4(4).JPG
Cat13\Cat14\Cat15,02__Station24__Camera1__2012-9-14__16-58-40(4).JPG
Cat13\Cat14\Cat15,02__Station24__Camera1__2012-9-14__16-58-40(5).JPG
Cat13\Cat14\Cat15,02__Station24__Camera1__2012-9-14__16-58-40(6).JPG
Cat13\Cat14\Cat15,02__Station24__Camera1__2012-9-14__16-58-40(7).JPG
Cat13\Cat14\Cat15,02__Station24__Camera1__2012-9-14__16-58-46(1).JPG
Cat13\Cat14\Cat15,02__Station24__Camera1__2012-9-14__16-58-48(5).JPG
Cat13\Cat14\Cat15,02__Station24__Camera1__2012-9-14__16-58-8(9).JPG
Cat13\Cat14\Cat15,02__Station24__Camera1__2012-9-14__16-59-10(3).JPG
Cat13\Cat14\Cat15,02__Station24__Camera1__2012-9-14__16-59-10(4).JPG
Cat13\Cat14\Cat15,02__Station24__Camera1__2012-9-14__16-59-10(5).JPG
Cat13\Cat14\Cat15,02__Station24__Camera1__2012-9-14__16-59-12(6).JPG
Cat13\Cat14\Cat15,02__Station24__Camera1__2012-9-14__16-59-12(7).JPG
Cat13\Cat14\Cat15,02__Station24__Camera1__2012-9-14__16-59-12(8).JPG
Cat13\Cat14\Cat15,02__Station24__Camera1__2012-9-14__16-59-14(0).JPG
Cat13\Cat14\Cat15,02__Station24__Camera1__2012-9-14__16-59-14(9).JPG
Cat13\Cat14\Cat15,02__Station24__Camera1__2012-9-14__16-59-22(1).JPG
Cat13\Cat14\Cat15,02__Station24__Camera1__2012-9-14__16-59-22(2).JPG
Cat13\Cat14\Cat15,02__Station24__Camera1__2012-9-14__16-59-24(3).JPG
Cat13\Cat14\Cat15,02__Station24__Camera1__2012-9-14__16-59-24(4).JPG
Cat13\Cat14\Cat15,02__Station24__Camera1__2012-9-14__16-59-24(5).JPG
Cat13\Cat14\Cat15,02__Station24__Camera1__2012-9-14__16-59-28(0).JPG
Cat13\Cat14\Cat15,02__Station24__Camera1__2012-9-14__16-59-32(1).JPG
Cat13\Cat14\Cat15,02__Station24__Camera1__2012-9-14__16-59-34(2).JPG
Cat13\Cat14\Cat15,02__Station24__Camera1__2012-9-14__17-0-56(3).JPG
Cat13\Cat14\Cat15,02__Station24__Camera1__2012-9-14__17-0-58(6).JPG
Cat13\Cat14\Cat15,02__Station24__Camera1__2012-9-14__17-0-58(7).JPG
Cat13\Cat14\Cat15,02__Station24__Camera1__2012-9-14__17-1-0(8).JPG
Cat13\Cat14\Cat15,02__Station24__Camera1__2012-9-14__17-11-46(5).JPG
Cat13\Cat14\Cat15,02__Station24__Camera1__2012-9-14__17-12-18(8).JPG
Cat13\Cat14\Cat15,02__Station24__Camera1__2012-9-14__17-12-32(3).JPG
Cat13\Cat14\Cat15,02__Station24__Camera1__2012-9-14__17-12-34(6).JPG
Cat13\Cat14\Cat15,02__Station24__Camera1__2012-9-14__17-12-36(9).JPG
Cat13\Cat14\Cat15,02__Station24__Camera1__2012-9-14__17-2-0(1).JPG
Cat13\Cat14\Cat15,02__Station24__Camera1__2012-9-14__17-2-14(1).JPG
Cat13\Cat14\Cat15,02__Station24__Camera1__2012-9-14__17-2-6(8).JPG
Cat13\Cat14\Cat15,02__Station24__Camera1__2012-9-14__17-2-6(9).JPG
Cat13\Cat14\Cat15,02__Station24__Camera1__2012-9-14__17-5-34(7).JPG
Cat13\Cat14\Cat15,02__Station24__Camera1__2012-9-14__17-5-34(8).JPG
Cat13\Cat14\Cat15,02__Station24__Camera1__2012-9-14__17-6-38(7).JPG
Cat13\Cat14\Cat15,02__Station24__Camera1__2012-9-14__17-6-40(9).JPG
Cat13\Cat14\Cat15,02__Station24__Camera1__2012-9-14__17-7-6(1).JPG
Cat13\Cat14\Cat15,02__Station24__Camera1__2012-9-14__17-7-8(5).JPG
Cat13\Cat14\Cat15,02__Station24__Camera1__2012-9-14__17-8-0(8).JPG
Cat13\Cat14\Cat15,02__Station24__Camera1__2012-9-14__17-8-0(9).JPG
Cat13\Cat14\Cat15,02__Station24__Camera1__2012-9-14__17-8-10(2).JPG
Cat13\Cat14\Cat15,02__Station24__Camera1__2012-9-14__17-8-10(3).JPG
Cat13\Cat14\Cat15,02__Station24__Camera1__2012-9-14__17-8-10(4).JPG
Cat13\Cat14\Cat15,02__Station24__Camera1__2012-9-14__17-8-12(5).JPG
Cat13\Cat14\Cat15,02__Station24__Camera1__2012-9-14__17-8-14(0).JPG
Cat13\Cat14\Cat15,02__Station24__Camera1__2012-9-14__17-8-40(2).JPG
Cat13\Cat14\Cat15,02__Station24__Camera1__2012-9-14__17-8-52(0).JPG
Cat13\Cat14\Cat15,02__Station24__Camera1__2012-9-14__17-8-54(3).JPG
Cat13\Cat14\Cat15,02__Station24__Camera1__2012-9-14__17-9-12(2).JPG
Cat13\Cat14\Cat15,02__Station24__Camera1__2012-9-14__17-9-30(7).JPG
Cat5,02__Station24__Camera1__2013-1-7__11-14-30(6).JPG
Cat5,02__Station24__Camera1__2013-1-7__11-14-30(9).JPG
Cat5,02__Station25__Camera1__2012-5-2__10-45-14(4).JPG
Cat5,02__Station26__Camera1__2012-8-19__16-13-56(7).JPG
Cat5,02__Station26__Camera1__2012-8-19__16-13-58(8).JPG
Cat5,02__Station26__Camera1__2012-8-19__16-14-0(0).JPG
Cat5,02__Station26__Camera1__2012-8-19__16-14-0(1).JPG
Cat5,02__Station26__Camera1__2012-8-19__16-14-0(2).JPG
Cat5,02__Station26__Camera1__2012-8-19__16-14-2(3).JPG
Cat5,02__Station26__Camera1__2012-8-19__16-14-4(4).JPG
Cat5,02__Station26__Camera1__2012-8-19__16-14-4(5).JPG
Cat5,02__Station26__Camera1__2012-8-27__4-36-4(4).JPG
Cat5,02__Station26__Camera1__2012-9-11__5-48-20(0).JPG
Cat5,02__Station26__Camera1__2012-9-11__5-48-6(7).JPG
Cat1,02__Station26__Camera1__2012-9-22__1-27-14(5).JPG
Cat1,02__Station26__Camera1__2012-9-22__1-27-52(3).JPG
Cat1,02__Station26__Camera1__2012-9-22__1-30-22(3).JPG
Cat5,02__Station26__Camera2__2012-8-19__16-12-46(6).JPG
Cat5,02__Station26__Camera2__2012-8-19__16-12-46(7).JPG
Cat5,02__Station26__Camera2__2012-8-19__16-12-48(9).JPG
Cat5,02__Station26__Camera2__2012-8-19__16-12-54(4).JPG
Cat5,02__Station26__Camera2__2012-8-19__16-12-54(5).JPG
Cat5,02__Station26__Camera2__2012-8-27__4-35-18(8).JPG
Cat5,02__Station26__Camera2__2012-8-7__9-3-20(1).JPG
Cat5,02__Station26__Camera2__2012-8-7__9-3-22(2).JPG
Cat5,02__Station26__Camera2__2012-8-7__9-3-22(3).JPG
Cat5,02__Station26__Camera2__2012-8-7__9-3-24(4).JPG
Cat5,02__Station26__Camera2__2012-8-7__9-3-24(5).JPG
Cat5,02__Station26__Camera2__2012-8-7__9-3-26(6).JPG
Cat5,02__Station26__Camera2__2012-8-7__9-3-30(0).JPG
Cat1,02__Station26__Camera2__2012-9-22__1-25-50(0).JPG
Cat1,02__Station26__Camera2__2012-9-22__1-26-38(8).JPG
Cat1,02__Station26__Camera2__2012-9-22__1-26-52(2).JPG
Cat1,02__Station31__Camera1__2012-9-16__4-6-58(8).JPG
Cat1,02__Station31__Camera1__2012-9-16__4-7-12(2).JPG
Cat1,02__Station31__Camera2__2012-9-16__4-7-26(6).JPG
Cat1,02__Station31__Camera2__2012-9-16__4-7-40(0).JPG
Cat1,02__Station32__Camera1__2012-7-14__4-47-54(2).JPG
Cat1,02__Station32__Camera1__2012-7-14__4-47-56(3).JPG
Cat1,02__Station32__Camera1__2012-7-14__4-47-58(6).JPG
Cat1,02__Station32__Camera1__2012-7-14__4-48-0(8).JPG
Cat1,02__Station32__Camera1__2012-7-14__4-48-0(9).JPG
Cat1,02__Station32__Camera1__2012-7-14__4-48-10(6).JPG
Cat1,02__Station32__Camera1__2012-7-14__4-48-10(7).JPG
Cat1,02__Station32__Camera1__2012-7-14__4-48-12(8).JPG
Cat1,02__Station32__Camera1__2012-7-14__4-48-12(9).JPG
Cat1,02__Station32__Camera1__2012-7-14__4-48-18(3).JPG
Cat1,02__Station32__Camera1__2012-7-14__4-48-28(4).JPG
Cat1,02__Station32__Camera1__2012-7-14__4-48-32(9).JPG
Cat1,02__Station32__Camera1__2012-7-14__4-48-34(0).JPG
Cat1,02__Station32__Camera1__2012-7-14__4-48-50(1).JPG
Cat1,02__Station32__Camera1__2012-7-14__4-48-52(2).JPG
Cat1,02__Station32__Camera1__2012-7-14__4-48-52(3).JPG
Cat1,02__Station32__Camera1__2012-7-14__4-48-6(1).JPG
Cat1,02__Station32__Camera1__2012-7-14__4-48-6(2).JPG
Cat1,02__Station32__Camera1__2012-7-14__4-48-8(3).JPG
Cat1,02__Station32__Camera1__2012-7-14__4-48-8(4).JPG
Cat1,02__Station32__Camera1__2012-7-14__4-48-8(5).JPG
Cat1,02__Station32__Camera1__2012-7-14__4-49-10(0).JPG
Cat1,02__Station32__Camera1__2012-7-14__4-49-16(1).JPG
Cat1,02__Station32__Camera1__2012-7-14__4-49-18(2).JPG
Cat1,02__Station32__Camera1__2012-7-14__4-49-18(3).JPG
Cat1,02__Station32__Camera1__2012-7-14__4-49-2(1).JPG
Cat1,02__Station32__Camera1__2012-7-14__4-49-20(4).JPG
Cat1,02__Station32__Camera1__2012-7-14__4-49-20(6).JPG
Cat1,02__Station32__Camera1__2012-7-14__4-49-38(4).JPG
Cat1,02__Station32__Camera1__2012-7-14__4-49-38(5).JPG
Cat1,02__Station32__Camera1__2012-7-14__4-49-50(8).JPG
Cat1,02__Station32__Camera1__2012-7-14__4-49-54(1).JPG
Cat1,02__Station32__Camera1__2012-7-14__4-49-56(2).JPG
Cat1,02__Station32__Camera1__2012-7-14__4-49-56(3).JPG
Cat1,02__Station32__Camera1__2012-7-14__4-49-58(4).JPG
Cat1,02__Station32__Camera1__2012-7-14__4-49-58(5).JPG
Cat1,02__Station32__Camera1__2012-7-14__4-49-6(5).JPG
Cat1,02__Station32__Camera1__2012-7-14__4-49-6(6).JPG
Cat1,02__Station32__Camera1__2012-7-14__4-49-8(7).JPG
Cat1,02__Station32__Camera1__2012-7-14__4-49-8(8).JPG
Cat1,02__Station32__Camera1__2012-7-14__4-49-8(9).JPG
Cat1,02__Station32__Camera1__2012-8-10__21-7-58(2).JPG
Cat1,02__Station32__Camera1__2012-8-10__21-8-0(3).JPG
Cat1,02__Station32__Camera1__2012-8-10__21-8-10(1).JPG
Cat1,02__Station32__Camera1__2012-8-10__21-8-10(2).JPG
Cat1,02__Station32__Camera1__2012-8-10__21-8-12(3).JPG
Cat1,02__Station32__Camera1__2012-8-10__21-8-14(5).JPG
Cat1,02__Station32__Camera1__2012-8-10__21-8-16(8).JPG
Cat1,02__Station32__Camera1__2012-8-10__21-8-2(5).JPG
Cat1,02__Station32__Camera1__2012-8-10__21-8-4(7).JPG
Cat1,02__Station32__Camera1__2012-8-10__21-8-4(8).JPG
Cat1,02__Station32__Camera1__2012-8-10__21-8-6(0).JPG
Cat1,02__Station32__Camera1__2012-8-10__21-8-6(9).JPG
Cat1,02__Station32__Camera1__2012-8-31__5-17-12(1).JPG
Cat1,02__Station32__Camera1__2012-8-31__5-17-12(2).JPG
Cat1,02__Station32__Camera1__2012-8-31__5-17-14(4).JPG
Cat1,02__Station32__Camera1__2012-8-31__5-17-16(5).JPG
Cat1,02__Station32__Camera1__2012-8-31__5-17-16(6).JPG
Cat1,02__Station32__Camera1__2012-8-31__5-17-18(7).JPG
Cat1,02__Station32__Camera1__2012-8-31__5-17-18(8).JPG
Cat1,02__Station32__Camera1__2012-8-31__5-17-20(0).JPG
Cat1,02__Station32__Camera1__2012-8-31__5-17-20(9).JPG
Cat1,02__Station32__Camera1__2012-8-31__5-17-22(1).JPG
Cat1,02__Station32__Camera1__2012-8-31__5-17-22(2).JPG
Cat1,02__Station32__Camera1__2012-8-31__5-17-24(3).JPG
Cat1,02__Station32__Camera1__2012-8-31__5-17-24(4).JPG
Cat1,02__Station32__Camera1__2012-8-31__5-17-24(5).JPG
Cat1,02__Station32__Camera1__2012-8-31__5-17-26(6).JPG
Cat1,02__Station32__Camera1__2012-8-31__5-17-28(7).JPG
Cat1,02__Station32__Camera1__2012-8-31__5-17-28(8).JPG
Cat1,02__Station32__Camera1__2012-8-31__5-17-28(9).JPG
Cat1,02__Station32__Camera1__2012-8-31__5-17-30(0).JPG
Cat1,02__Station32__Camera1__2012-8-31__5-17-30(1).JPG
Cat1,02__Station32__Camera1__2012-8-31__5-17-32(2).JPG
Cat1,02__Station32__Camera1__2012-8-31__5-17-32(3).JPG
Cat1,02__Station32__Camera1__2012-8-31__5-17-34(4).JPG
Cat1,02__Station32__Camera1__2012-8-31__5-17-34(5).JPG
Cat1,02__Station32__Camera1__2012-8-31__5-17-36(6).JPG
Cat1,02__Station32__Camera1__2012-8-31__5-17-36(7).JPG
Cat1,02__Station32__Camera1__2012-9-16__0-48-20(7).JPG
Cat1,02__Station32__Camera1__2012-9-16__0-48-26(3).JPG
Cat1,02__Station32__Camera1__2012-9-16__0-48-28(4).JPG
Cat1,02__Station32__Camera1__2012-9-16__0-48-28(5).JPG
Cat1,02__Station32__Camera1__2012-9-16__0-48-30(6).JPG
Cat1,02__Station32__Camera1__2012-9-16__0-48-30(7).JPG
Cat1,02__Station32__Camera1__2012-9-16__0-48-30(8).JPG
Cat1,02__Station32__Camera1__2012-9-16__0-48-32(0).JPG
Cat1,02__Station32__Camera1__2012-9-16__0-48-32(9).JPG
Cat1,02__Station32__Camera1__2012-9-16__0-48-34(1).JPG
Cat8,02__Station33__Camera1__2012-8-10__22-47-18(1).JPG
Cat8,02__Station33__Camera1__2012-8-10__22-47-18(2).JPG
Cat8,02__Station33__Camera1__2012-8-10__22-47-20(4).JPG
Cat16\Cat17\Cat18,02__Station33__Camera1__2012-8-25__16-16-52(1).JPG
Cat16\Cat17\Cat18,02__Station33__Camera1__2012-8-25__16-16-52(3).JPG
Cat16\Cat17\Cat18,02__Station33__Camera1__2012-8-25__16-16-54(4).JPG
Cat16\Cat17\Cat18,02__Station33__Camera1__2012-8-25__16-16-54(5).JPG
Cat16\Cat17\Cat18,02__Station33__Camera1__2012-8-25__16-16-54(6).JPG
Cat16\Cat17\Cat18,02__Station33__Camera1__2012-8-25__16-16-56(7).JPG
Cat16\Cat17\Cat18,02__Station33__Camera1__2012-8-25__16-16-56(8).JPG
Cat16\Cat17\Cat18,02__Station33__Camera1__2012-8-25__16-16-56(9).JPG
Cat16\Cat17\Cat18,02__Station33__Camera1__2012-8-25__16-17-2(2).JPG
Cat16\Cat17\Cat18,02__Station33__Camera1__2012-8-25__16-17-4(3).JPG
Cat16\Cat17\Cat18,02__Station33__Camera1__2012-8-25__16-17-4(5).JPG
Cat16\Cat17\Cat18,02__Station33__Camera1__2012-8-25__16-17-4(6).JPG
Cat16\Cat17\Cat18,02__Station33__Camera1__2012-8-25__16-17-6(7).JPG
Cat1,02__Station33__Camera1__2012-9-2__5-57-10(1).JPG
Cat1,02__Station33__Camera1__2012-9-2__5-57-12(2).JPG
Cat1,02__Station33__Camera1__2012-9-2__5-57-12(3).JPG
Cat1,02__Station33__Camera1__2012-9-2__5-57-12(4).JPG
Cat1,02__Station33__Camera1__2012-9-2__5-57-24(9).JPG
Cat1,02__Station33__Camera1__2012-9-2__5-57-26(1).JPG
Cat1,02__Station33__Camera1__2012-9-2__5-57-26(2).JPG
Cat1,02__Station33__Camera1__2012-9-2__5-57-28(3).JPG
Cat1,02__Station33__Camera1__2012-9-2__5-57-28(4).JPG
Cat1,02__Station33__Camera1__2012-9-2__5-57-32(0).JPG
Cat1,02__Station33__Camera1__2012-9-2__5-57-34(4).JPG
Cat1,02__Station33__Camera1__2012-9-2__5-57-36(7).JPG
Cat1,02__Station33__Camera1__2012-9-2__5-57-38(0).JPG
Cat1,02__Station33__Camera1__2012-9-2__5-57-38(8).JPG
Cat1,02__Station33__Camera1__2012-9-2__5-57-38(9).JPG
Cat1,02__Station33__Camera1__2012-9-2__5-57-42(1).JPG
Cat1,02__Station33__Camera1__2012-9-2__5-57-44(6).JPG
Cat1,02__Station33__Camera1__2012-9-2__5-57-50(4).JPG
Cat1,02__Station33__Camera1__2012-9-2__5-57-54(0).JPG
Cat1,02__Station33__Camera1__2012-9-2__5-58-16(2).JPG
Cat1,02__Station33__Camera1__2012-9-2__5-58-16(3).JPG
Cat1,02__Station33__Camera1__2012-9-2__5-58-16(4).JPG
Cat1,02__Station33__Camera1__2012-9-2__5-58-18(5).JPG
Cat1,02__Station33__Camera1__2012-9-2__5-58-18(6).JPG
Cat1,02__Station33__Camera1__2012-9-2__5-58-18(7).JPG
Cat1,02__Station33__Camera1__2012-9-2__5-58-2(0).JPG
Cat1,02__Station33__Camera1__2012-9-2__5-58-22(1).JPG
Cat1,02__Station33__Camera1__2012-9-2__5-58-22(3).JPG
Cat1,02__Station33__Camera1__2012-9-2__5-58-24(4).JPG
Cat1,02__Station35__Camera1__2012-8-11__3-54-36(8).JPG
Cat1,02__Station35__Camera1__2012-8-11__3-54-36(9).JPG
Cat1,02__Station35__Camera1__2012-8-11__3-54-38(0).JPG
Cat1,02__Station35__Camera1__2012-8-11__3-54-38(1).JPG
Cat1,02__Station35__Camera1__2012-8-11__3-54-40(2).JPG
Cat1,02__Station35__Camera1__2012-8-11__3-54-40(3).JPG
Cat1,02__Station35__Camera1__2012-8-11__3-54-40(4).JPG
Cat1,02__Station35__Camera1__2012-8-11__3-54-40(5).JPG
Cat1,02__Station35__Camera1__2012-8-11__3-54-42(6).JPG
Cat1,02__Station35__Camera1__2012-8-11__3-54-42(7).JPG
Cat1,02__Station35__Camera1__2012-8-11__3-54-42(8).JPG
Cat1,02__Station35__Camera1__2012-9-1__4-24-16(1).JPG
Cat1,02__Station35__Camera1__2012-9-1__4-24-16(2).JPG
Cat1,02__Station35__Camera1__2012-9-1__4-24-16(3).JPG
Cat1,02__Station35__Camera1__2012-9-1__4-24-18(4).JPG
Cat1,02__Station35__Camera1__2012-9-1__4-24-22(0).JPG
Cat1,02__Station35__Camera1__2012-9-1__4-24-58(1).JPG
Cat1,02__Station35__Camera1__2012-9-1__4-25-0(5).JPG
Cat1,02__Station35__Camera1__2012-9-1__4-25-2(7).JPG
Cat1,02__Station35__Camera1__2012-9-1__4-25-2(8).JPG
Cat1,02__Station35__Camera1__2012-9-1__4-25-30(2).JPG
Cat1,02__Station35__Camera1__2012-9-1__4-25-8(5).JPG
Cat1,02__Station35__Camera1__2012-9-1__4-25-8(7).JPG
Cat1,02__Station37__Camera1__2012-8-5__23-17-46(1).JPG
Cat1,02__Station37__Camera1__2012-8-5__23-17-54(9).JPG
Cat1,02__Station37__Camera1__2012-8-5__23-17-58(3).JPG
Cat1,02__Station37__Camera1__2012-8-5__23-17-58(4).JPG
Cat1,02__Station37__Camera1__2012-8-5__23-17-58(5).JPG
Cat1,02__Station37__Camera1__2012-8-5__23-18-0(6).JPG
Cat1,02__Station37__Camera1__2012-8-5__23-18-0(7).JPG
Cat1,02__Station37__Camera1__2012-8-5__23-18-12(1).JPG
Cat1,02__Station37__Camera1__2012-8-5__23-18-2(8).JPG
Cat1,02__Station37__Camera1__2012-8-5__23-18-4(0).JPG
Cat1,02__Station37__Camera1__2012-8-5__23-18-4(9).JPG
